id,name
aohs75l7e949y8lxxwoa44agb,Sligo Rovers
alcqlgraa5a5t57uee3wgy2kd,Galway United
1bb2bbjq1gdsq3qqlh3c6rxs7,St. Patrick's Athletic
51xekmm31jztuvdliya7idg5d,Shamrock Rovers
1du12fqlr6kjdnrkrao4diwt1,Waterford
fd8o1pvys32969sd8d46sycp,Drogheda United
436hohrrikc4zq7qgoquszrfq,Dundalk
90mig1t9vpe2a8ckksz0oo29g,Derry City
7e5odtzvbyx4ubpzwyphao0sv,Shelbourne
7qeeszxk0dy7hdvml7julotl,Bohemians
1csft77zeexrhddgjoxuht7v8,Auckland
cuj4qahgk4idsme4dg8clk6gw,Perth Glory
7p460lrzt1kmp4rsofqa47eqy,Western United
chu9blh367xs3yumct5tqto2q,Newcastle Jets
c4ygb6mnh53kpl2mpxe52l8jw,Central Coast
v046no35g7ebk8lytdjmfb43,Brisbane Roar
6lezh5aazy0xca1800e5dqxwl,Adelaide
38ui5tfi8anjuh533emny2tz1,Sydney
6h553bwfqkoxayuv80uikkn42,Western Sydney Wanderers
6j4xzc2g1eeafo6v1f38d4x22,Wellington Phoenix
9xmhnv6im8h7c9e17oqvcx8gl,Melbourne Victory
7jv344gvcvgqg7oeuc9u554dm,Macarthur
c33jm806py6adse5wv9wx6ch1,Melbourne City
buyj9j0qwgbvx3v8wzikpjyzu,Cerro Portemo
9sb2d5sawemtwwxx7h5elruy2,Sportivo Amel.
an573q9co58ebwecdvo8w3osc,Sol de America
c42bnpk0mz0j3nyf2zoo992ks,2 de Mayo
adqf8l3v3x2moj3bbkgyyu2ju,Caballero JLM
bzqac8o28oic0dl0rka53rm89,Luqueno
ajjzd6ex2rqp70mwh5by9wdfb,Olimpia
8j13r6l93c46v57ekr68obhoz,Guarani
3xfyojm7d8q9t73299jen1r4e,Tacuary 
3n0uz5141jkl4wazgk0h5oh85,Nacional
bdk88cxg2peyftqv4p47o97ya,Trinidense
984ibdjplnlwb36kt6wbgwe97,Libertad
erwnez7ksfkns4dqmyr1fhbe,Atlanta United 2
d0c07im4a6oj8qa7f1zlt3pqs,Austin FC 2
2nnef9tr9g7m2s6n873qif95g,Carolina Core
cwnjxlibb02fuh0vwgvac6h45,Chattanooga FC
8o8m08he36u0j4w08aj2iodn8,Chicago Fire 2
c7c4wwva2u1vb3rr7rwava044,Inter Miami 2
iiolvosiuokkrl5iuoxcjo4p,Colorado Rapids 2
5b4ccd62yeeqdl2qk6jzsmjv8,Columbus Crew 2
6ubc4y1v6hr63mca7ica4hp90,Crown Legacy
bd0378yx50xpdcgwkt9p9bmz8,FC Cincinnati 2
7pmw399vh2v44cjle4fkklp1w,Houston Dynamo 2
4gymgvqmve0m2vh89v84tt3x0,Huntsville City
6gaq85erpkvbyxvivd96wuw44,LAFC 2
1pc6sx2h4rp113ldkbp5d2xas,Minnesota United 2
csntc7hucmo21gknxc5y0kc4q,New England Revolution 2
6ddsx316t3j0z6nolrky9k4r8,New York City 2
4g68p0t2f5jzhzfr67i2rj1ex,New York Red Bulls 2
99l7fsj6ykgbyqcb9zqqu9dgq,North Texas
479lsfr4cwlzewpbuda3y2xv4,Orlando City 2
1zgjjyruyufrkh4xjvryqsb1i,Philadelphia Union 2
5ou8b446l1sl8frblkz3xi17g,Portland Timbers 2
cbip96wzs3jc2xadoluhhxotl,Real Monarchs
7fbej4xwoq4imaf5l39304m37,Sporting Kansas 2
dqx48fglv1l96cyrmjdod0xec,St Louis City 2
5icuo8utnztpsd9l03gdd68dl,Tacoma Defiance
ew2zirzye0sw1txr2m33nr25y,The Town
29nx7yxy1rdqv2oobqn5pjf8p,Toronto 2
eo64tqkioegeb09iice2hf8bt,Vancouver Whitecaps 2
8ijkk62897so5r3bq0wgwx4bu,Ventura County
7ruua9q5rtswwi5d6xtquuto5,AEK Athens
90z9l1k46z46ep9oupipgganh,Aris Thessaloniki
c53eublb5ds9v1rlscm8x39pq,Asteras Tripolis
1j8ifp7frhzci6o6kvnl1glif,Levadiakos
dr4emys1xpm2h54oid0q5y2nx,Ofi FC
9ghx7vbghs3628n5chm9r8ig3,Olympiacos
4gex5os8jassavy6lopipbcz3,Atromitos Athens
6k2e9m32yn23o0fn4kzg9jemf,Athens Kallithea
deazflnflqmejndo05gviznzd,PAOK Thessaloniki
8f2ud0np10grf6a1ke620ma4s,Lamia
dozhxtpww3paixmvttljtduge,Panaitolikos Agrinio
4ws3k9155net1ydbvr8c940dy,Panathinaikos
8cxrfo5i448oo8yq25wnr8kul,Panserraikos
937i26v5naqzhwxcelwtgou3u,Volos
8vht8t1pm8z9gkkeuzxtkfatn,Kifisias
3e1v5aemi3afarlqm4raxf7fc,AE Larissa
12tyw9yomy9n5cjd5po2ajx1q,Albirex Niigata
ydlnn8jofdkseegh42az3fpt,Avispa Fukuoka
90cc40yau7yv6n8r4xs361ofd,Cerezo Osaka
c893rjzz7makmez86fze25a2e,FC Machida Zelvia
e90fnsgtnamze3yssxpg392eb,FC Tokyo
4rddupwnkxxcwou6iluymj29j,Fagiano Okayama
92br3632xgmc25jvr0jesfvl6,Gamba Osaka
1f3ehp8p9yi8reamghry4p76t,Hokkaido Consadole Sapporo
4hm0p4fs807r60m5cumrdn6w5,Jubilo Iwata
9s2g5k3dlmfii452t8edaeozh,Kashima Antlers
3lyo0vqgndy4fuzlfo5l9ql30,Kashiwa Reysol
5pol481515zvirmk6t00kerbc,Kawasaki Frontale
6bus1cl4b6zdm93290r02o7cx,Kyoto Sanga FC
18c8ibslzapz40lfb8y5vygcs,Nagoya Grampus
27o8mdqno6jslcjb709sxjwyy,Sagan Tosu
89wr6p2dkh7wjxtbwhtsruu02,Sanfrecce Hiroshima
a1escgblmveduau3j1st0lbxn,Shimuzu S-Pulse
83d6z6wvkzs3dx9oy3mftixow,Shonan Bellmare
6u7ltoz339il087ubf6rdtc2v,Tokyo Verdy
3vfso415vj7uitnunviuzdyg3,Urawa Red Diamonds
bbt5nqwufsne7r0zfa6pvpmfa,Vissel Kobe
2cwez3hk2i75ope3qyu54cqh1,Yokohama F. Marinos
ctm9as17rs95yhuz7qf53wfke,Yokohama FC
1pse9ta7a45pi2w2grjim70ge,AFC Bournemouth
4dsgumo7d4zupm2ugsvm4zm4d,Arsenal
b496gs285it6bheuikox6z9mj,Aston Villa
7yx5dqhhphyvfisohikodajhv,Brentford
e5p0ehyguld7egzhiedpdnc3w,Brighton & Hove Albion
9q0arba2kbnywth8bkxlhgmdr,Chelsea
1c8m2ko0wxq1asfkuykurdr0y,Crystal Palace
ehd2iemqmschhj2ec0vayztzz,Everton
hzqh7z0mdl3v7gwete66syxp,Fulham
8b523ujgl21tbc01me65q0aoh,Ipswich Town
avxknfz4f6ob0rv9dbnxdzde0,Leicester City
c8h9bw1l82s06h77xxrelzhur,Liverpool
a3nyxabgsqlnqfkeg41m6tnpp,Manchester City
6eqit8ye8aomdsrrq0hk3v7gh,Manchester United
7vn2i2kd35zuetw6b38gw9jsz,Newcastle United
1qtaiy11gswx327s0vkibf70n,Nottingham Forest
d5ydtvt96bv7fq04yqm2w2632,Southampton
22doj4sgsocqpxw45h607udje,Tottenham Hotspur
4txjdaqveermfryvbfrr4taf7,West Ham United
b9si1jn1lfxfund69e9ogcu2n,Wolverhampton Wanderers
6lzy9iiqoysvtdsgx719fng9n,Ajax II
1wyg1tunyt7go9tnjea1hjqxb,Alkmaar II
xcevba75jfkrg4s6tl89zl3y,De Graafschap
eh54mfvjtrttgsg1wbjnvxcqz,FC Den Bosch
z9phg19papi9f5fd6qxzr836,FC Dordrecht
dvmw7d6jb38qvv7e6ziwu0vyr,FC Eindhoven
3t0vjqtxc8wpjzv82i3oi2ova,FC Emmen
ch82doz9w9t1sw9ae3a4ffh0j,Utrecht II
6g9qrm72224jrk6tkxxxi8a9n,FC Volendam
e8hiwrw6ocxm5iht6sp7jiv19,Ado Den Haag
b94pf87be9ojdgnrs5mst80un,Helmond Sport
bqm1bnp1bh2apyudlz1o1whr3,MVV
2xlnfgrl6r18ftv38unwp7h4s,PSV II
dqk062lu0vm8epvytbm6r4mmf,Excelsior
6hsriqr3ybvyg94w2k19oal50,Vitesse
ears40cp6opsgvhsy0dgyszpd,Cambuur
zjawy6qdzk3y69v5pa3zl2cb,Telstar
7rmv5ns2rj7bn4otpkur0mx0x,Roda JC
dnzj0iv5qtaemm9kthh9pos8q,Top Oss
cv5ftekuejf0ryxvd5h2my47r,VVV Venlo
vgupememz87beb89669u7si0,Cork City
ak48fkypnql8y4n69cvcq5ghc,Argentina
eqi93j51n7mhyon0hzb4kxsdg,Bolivia
ajab3nmpoltsoeqcuoyi4pwzx,Brazil
4etj58jfe5zmfspk9pl7jfzr3,Chile
7km4szeh6fs5bbdgypshh0snd,Colombia
2j2402oabiovxw24cnjk9m369,Ecuador
3cwjdmekfdouwg990mqdq9fh0,Paraguay
a9sendamrqqz1uv4jc89mfum8,Peru
9l06impjllgop0gte8fldb4zo,Uruguay
2pguid8qwn158n8a58waenbbq,Venezuela
9dntj5dioj5ex52yrgwzxrq9l,AC Milan
67z1gqyiuzpmmb15q5fy7ntc4,Monza
4raiad4l2j5lkfaz92pk4osb,Fiorentina
2tk2l9sgktwc9jhzqdd4mpdtb,Roma
e75syeuawg3ql8nwpi3vr2btz,Atalanta
ej5er0oyngdw138yuumwqbyqt,Bologna
5rwlg5cfv1hu7yf0ek1zxpzy3,Cagliari
6uzfw7ahyxg4wrrfxo5u7qt0n,Como
8le3orkfz6iix3jns6g9ojqjg,Empoli
3vo5mpj7catp66nrwwqiuhuup,Inter Milan
4kumqzwifv478caxed8zywlh3,Genoa
ap6blbxhq9elm62vw6tutzlwg,Verona
bqbbqm98ud8obe45ds9ohgyrd,Juventus
5aosfavi55p40c65lkriqnqnl,Parma
btcy9nra9ak4m22ovr2ia6m5v,Lazio
gi0l1habji5hpgar77dl5jqe,Napoli
7gnly6999wao1xarwct4p8fe9,Torino
bi1fxjrncd0ram0oi7ja1jyuo,Lecce
dxq76zcvnokq07cszdx0i6kve,Udinese
565sm63rjm2y7xeae0dcdbtnu,Venezia
49rkyo4do8uwj06geomw0xr4i,Salernitana
5khizzei8z0qbb7exz622wxw3,Frosinone
6tuibxq39fdryu8ou06wcm0q3,Sassuolo
bfztlrr6176xsdt2bmp0u1d2d,Pisa
af91jdcs6x0bqkmdb78rokod2,Cremonese
4klvxyeh3xcus4ongu7c00mgc,Spezia
4plikfte18rv8v4l89z803d4y,Sampdoria
7sck2yj98lv9ogljofza0c7f9,Wimbledon
5qwskbjpa17fvmtuu5qijy7cz,Accrington
2h0f9b45mwop10akb6bp7qx3,Barrow
2b5k2yusdx2ctd5cdv739p3il,Bradford City
b6fvcpudsv2xhd8jd9ste749x,Bromley
4wqa3vdd3owvzbdpmh91uvvhp,Carlisle
fvr504m6gaxsfmtx4fwm7iq1,Cheltenham
2zyk4fq2f0kh5p366q9y62vny,Chesterfield
crpd0wug26fg7skfzmf11x1k2,Colchester
9ze1c55gavzeg6vw37ca1banb,Crewe Alexandra
6dryhu9wer42nt1dxoophpk96,Doncaster Rovers
8rfydplrc9ki0sirqi0drcybk,Fleetwood
2597fv0oiboak9jyryf3gt39g,Gillingham
6ipyteigr21t78l6fro3ig10j,Grimsby
bkzx43uwodxey51ivfvbqf37g,Harrogate
8w89tsles26jm12aoelwvlttt,MK Dons
8xeuwzxnm7hdlbjjuezgfkz3w,Morecambe
bewbbriuwh3i7a2zn19e6d0v4,Newport County
d3mskb8nk3afyi3tn0gt8kwh8,Notts County
ejm092fnt9zoxbpuklzd52ji8,Port Vale
2dakjegmrc2cxx2hqq5wzegt,Salford City
9ws3x82yqn7svjq6onvtunpst,Swindon
9j48z9ohucqbzpneoghrgwevs,Tranmere
1tev1lioyfaxbk2uod5uekzyj,Walsall
d0zdg647gvgc95xdtk1vpbkys,Ajax
3kfktv64h7kg7zryax1wktr5r,AZ Alkmaar
1fttb31hnskynpku8qd09yhm8,Almere City
cos9hxi16eitbcbthof7zrm4m,FC Groningen
4tic29sox7m39fy1ztgv0jsiq,FC Twente
ccpscwdcm65czscrun048ecn5,Utrecht
20vymiy7bo8wkyxai3ew494fz,Feyenoord
3ebril33e08ddzob4bhq8awsr,Fortuna Sittard
b79uipsy57y1jqpy07h4i5ovk,Go Ahead Eagles
dac758ef858jbq7pcb3gfwite,Heracles
59t7flioj4w4mpwnrwbm0m8ck,NAC Breda
8iawijq7s9s6d85mjz8wdslki,NEC
2uuh2bir8ktof0uxfo06lb4ox,Pec Zwolle
24fvcruwqrqvqa3aonf8c3zuy,PSV Eindhoven
ed5nwjz5za3oyi20nxzgqivmx,RKC Waalwijk
4vd2t5schmvvufrfib7f2vjdf,Heerenveen
89w5c6pw7vn0dxypi61tt0g4k,Sparta Rotterdam
bk5ltsueqmeng29eovd8m2tml,Willem II
4t4hod56fsj7utpjdor8so5q6,AS Monaco
2sc9xfhu6tbru9hhlhr4a89zn,Saint-Etienne
75qj99fhg5c0ztj2tva5u4uii,Angers
9bxav814mkuhueiyivyive82d,AJ Auxerre
750ustvk4jfqmo8q4gnrcxy7z,Nantes
23pqcgxu1tip265hbe01kszbt,Le Havre
be2k34rut1lz79jxenabttqlc,Lille
2cjpmotqo8phcqfpgo9xf4gel,Montpellier
bx0cdmzr2gwr70ez72dorx82p,Nice
27xvwccz8kpmqsefjv2b2sc0o,Marseille
2b3mar72yy8d6uvat1ka6tn3r,PSG
71ajatxnuhc5cnm3xvgdky49w,Strasbourg
3xedluek08t2ka7oypwuullcn,Lens
3adj8hkws0z1al232bg2h6tk0,Brest
z1wbqtd0fz5t5eezjvrbld3h,Rennes
3c3jcs7vc1t6vz5lev162jyv7,Reims
4aghw9tyi8ba3ju1ne83gmf9w,Toulouse
121le8unjfzug3iu9pgkqa1c7,Lyon
70nn27vgkt6l48lvv5e66q7ww,Lorient
2khen2a38l2hkx33s73pehl6o,Metz
8v00fx2zwhiwm05tqqkt122p5,Paris FC
17o35s8assv3kamxowzz77k4r,Clermont
6xjy1q2m55iiwe8g1r1yffbc9,Ajaccio
3unkqo2g6ag99gd5ynz1j7vse,Troyes
3xcg7xikgrn2x8oa65sopb2is,Heidenheim
a8d2gb2nag8fy0itbuxmcibh2,Union Berlin
1c7qokc1j5z50cjj4tcu32haa,Mainz
dt4pinj0vw0t0cvz7za6mhmzy,Dortmund
7ad69ngbpjuyzv96drf8d9sn2,Leverkusen
go76xxm0xyfgqt1h6tcrtimm,Monchengladbach
c5hderjlkcoaze51e5wgvptk,Eintracht Frankfurt
ex3psl8e3ajeypwjy4xfltpx6,Augsburg
apoawtpvac4zqlancmvw4nk4o,Bayern Munich
85jtaw5dcxxx1yp8te6axh3p8,FC St. Pauli
6zwg0wxjie31da2i4wwh2h4ho,Holstein Kiel
9gefq4dz9b2hl8rqrxwrlrzmp,RB Leipzig
6k5zscdm9ufw0tguvzyjlp5hq,Freiburg
cu0eztmjcsbydyp53aleznorw,Werder Bremen
4l9mrqzmajz5crzlz50mtbt6x,Hoffenheim
3dwlvz6cl4lcavvrg0y2dycrt,Stuttgart
eq1oq6y61xnzq88zu0cnw131z,Bochum
a8l3w3n0j99qjlsxj3jnmgkz1,Wolfsburg
75xi6hloabmnjn2kzgj1g8h1s,Hamburg
8q1ul09cygzswb7tb456bmifv,FC Koln
1y7e48j8swyafegsucvewse5a,Darmstadt
cz4a6wmzx2obyisadhgaccx7b,FC Schalke
f0w62l8zql3tukxsy8fqwp72x,Hertha Berlin
36g6ifzjliec1jqnbtf7yesme,Aalborg
5rz9enoyknpg8ji78za5b82p0,Aarhus
9qsmopgutr7ut5g6workk8w4i,Brondby
b3r6d8ydtmtjckam6pku9y400,Kobenhaven
59as3grjvj19voay31j3yfgni,Midtjylland
77tfx9me4aaqhzv78bmgsy9bg,Nordsjaelland
anga7587r1zv4ey71ge9zxol3,Lyngby
9w3sjm5ml4sjr2v81oxzdrt8v,Randers
ahnt9ejgwj58ul8auzdvi3czf,Silkeborg
aljua8crr0vkwit0j3m59jw9j,Sondersjysk
c165yjiny1qnmfdvefxvflnkc,Vejle
cftj6g399tknheudaxsdpfdgb,Viborg
6wwwud48qahpwrfxs20334qk5,FC Fredericia
dbl7ir1qugqz8nvp1vzn8im50,Odense
8gxd9ry2580pu1b1dd5ny9ymy,Hvidovre
a9vw7ikerpr4cuweeeka5aneg,Horsens
3ix9om1svhd6obl0mbk1otgop,Cercle Brugge
1oyb7oym5nwzny8vxf03szd2h,Club Brugge
4dtif7outbuivua8umbwegoo5,FCV Dender
8y3iucyxguipljcmf87a11bk9,Gent
89xivtxk59uzvhdsd6miao6tm,Genk
1uk609mhtsfhokhaewjapb26,KV Kortrijk
b7jmo07lqav0wfe2mtlzyspak,KV Mechelen
2nhn3ikl1ciq34w3hcp883d6p,Westerlo
cyrrlv6l1onld5x247w1q1jlr,Beerschot
bw9wm8pqfzcchumhiwdt2w15c,OH Leuven
6vyr13j6kbwdtxjwm1m4m8nu2,Anderlecht
7zibyotq1x1hq6pmgibhr0e6s,Antwerp
920raeoumft3q2wmvc296uceo,Charleroi
5z1b7fuvpqe6vnigvopomvecu,Standard Liege
ecj1gmc7pqcjo4sc9hvghj5u3,Union Saint-Gilloise
2989v3kho9h5jaboe1nr7lx21,Sint-Truidense
9njsy633rh1tyri7l2jaju5o,KAS Eupen
2b57rbw94i9ohnbch52owvqtq,Oostende
jb4xejoxjfk5a0a50bo8hvst,RFC Seraing
547zzwqbiugzphhnrhj3z5k5i,Zulte Waregem
4kzh86nfubfwsjzerl9pz73kl,RWD Molenbeek
75b9wl3zixoytzcmvwavlp46i,La Louviere
3czravw89omgc9o4s0w3l1bg5,Athletic Bilbao
2l0ldgiwsgb8d6y3z0sfgjzyj,Osasuna
3krm0f4yr1l80j1sd7823f9xn,Leganes
4ku8o6uf87yd8iecdalipo6wd,Atletico Madrid
4dtdjgnpdq9uw4sdutti0vaar,Alaves
agh9ifb2mw3ivjusgedj7c3fe,Barcelona
1n1j0wsl763lq7ee1k0c11c02,Getafe
7h7eg7q7dbwvzww78h9d5eh0h,Girona
3budh3j9xivsid3ptm8ptpy4k,Vallecano
ah8dala7suqqkj04n2l8xz4zd,Betis
6f27yvbqcngegwsg2ozxxdj4,Celta Vigo
50x1m4u58lffhq6v6ga1hbxmy,Mallorca
3kq9cckrnlogidldtdie2fkbl,Real Madrid
63f5h8t5e9qm1fqmvfkb23ghh,Real Sociedad
4jelr92fsge73q39is6qvhxb3,Valladolid
c8llrezkm3b3op4afrou6b487,Espanyol
10eyb18v5puw4ez03ocaug09m,Sevilla
1ae3awgwm3i1jds5tfct5441j,Las Palmas
ba5e91hjacvma2sjvixn00pjo,Valencia
74mcjsm72vr3l9pw2i4qfjchj,Villareal
4yg9ttzw0m51048doksv8uq5r,Elche
4grc9qgcvusllap8h5j6gc5h5,Levante
clo928vcczjp0mczavs5o7p5k,Real Oviedo
82q9159y2u7mkfn3z6hy75r4o,Cadiz
26fes5ubaeq0fk1nay2pj2ob2,Granada
cobffe32r7g4skka9m19qib63,Almeria
di8rq9fo3z0bnsx08jljhnnys,AVS
3b4nxgvmwzstmoq6borytkwx1,Boavista
99xu9ofwhlbp0lg1j4eiplgrg,CD Nacional
cmbqc74mshg77ra7mywec2a6b,Santa Clara
ewsf6evtguu9j7k6js4tlgl89,Casa Pia
85nuf5511v5omdretfoh0c4k4,CF Estrela
dich5v7sw466smbqap0d9rbyj,Arouca
5c0sf1eaipcxvdw9o22of2jdp,Famlicao
66bsnl0zjb7l5akwo00h0y5me,Porto
22mo7qbsnyi8wtucpvhgvhw2q,Estoril
bwt8yfk8rkcwiwyr0mopd7wqd,Gil Vicente
4a3yqn3kt1l18oklr7zxo4f1s,Moreirense
cgvbluoerzbzcr7aaxge3wkcv,Rio Ave
4q3s76lhr7sjib1a40ipix0sa,Farense
9ldqu49smv1xg2va0n2cy28zl,Benfica
26t6lvlpql4w5wu1ih73qpy36,Braga
7catg5lpivcmpf4xhggh6d8rk,Sporting
8gvg1ranyf93hprfkwx3ofl2y,Vitoria Guimaraes
7fn0aazbc8nx0u040aulozds1,FC Vizela
alyavx3ad35bp1xuwmqk7sgev,GD Chaves
co1i764h6b02husae71w6scs8,Portimonense
a4hzxqvnwxe9frlt8fvxfmppa,CD Tondela
2f40cprg8nv4stxq2o4yxpx54,FC Alverca
ep3im6aygoatju4u3ws8v3mog,Blackburn Rovers
c5485h5qulh4l0k0py5b9xug1,Bristol City
64bxxwu2mv2qqlv0monbkj1om,Burnley
3ash57c0q2tgok6gvzbsta93,Cardiff
dacoc20k0n3fxu4zek8wufmko,Coventry
3ptd7zlc5isrongig0wij2id4,Derby
f0figafm2v9h8ofo6slajj7xf,Hull City
48gk2hpqtsl6p9sx9kjhaydq4,Leeds
aksa492u5hf93giwcn2zt1nzz,Luton
cq0jd5ztepqjjeikk5trb15vr,Middlesbrough
40d2qd8lr1tgsvmg5l1fzaf4o,Millwall
suz80crpy3anixyzccmu6jzp,Norwich
ahm0t06rup1bkd9z0mxl2lmph,Oxford United
5g1fnexeromjl0lvnxp8hpnhi,Plymouth
80jtkz2echk6yyyb9e2595cxr,Portsmouth
5kq4izdz28qjaxoa6ujclwghj,Preston
72nmbktwvcj3wizfp37yjf0dp,QPR
bws31egwjda253q9lvykgnivo,Sheffield Utd
1musyruv2ufjrjnj6gvdbr8kt,Sheffield Wed
4qioq44vcv619vnyy2rpovk4e,Stoke
1r3545b2dzan8yqa80gtmcjch,Sunderland
410jti6axb01yhvbc0axsp8li,Swansea
4t83rqbdbekinxl5fz2ygsyta,Watford
d1lhefp805y0rcbjqkpu4fq0n,WBA
2x94b2pn1o1tb5l1bbu8x9yu9,Botafogo
1f6qzkdjh8fih5ii1eyqmkolq,Atletico Mineiro
102ykb145wz6dtveg65nistwm,Flamengo
5ponlslulpugdlvd93n9yqu2b,Vasco de Gama
c2r7yor7e9edg7r2mfg44heqe,Ceara SC
bd6vujl7jfv4wtc8gvo1o1t5y,Cruizeiro
e93fgat6j6g86zqul1m3m2kpn,Bahia
7avb9meepw828qkp0tiugzd1b,Juventude
436xob9epu7bzdu7c1zzjjdak,EC Vitoria
2ldx5vhhqfz2rllkgp7wpa744,Fluminense
1vvaya787s5wg5geudzacya7m,Fortaleza
1yd80wg4djlmtgkei51x0x4t6,Gremio
cllomrn9h2sg6vmxy0pdnmups,Mirasol
4ayjm36vlnc5j8jhwpsdwxuph,Red Bull Bragantino
f0td6lvs326lppbwh1fj8v2ls,Corinthians
c7n1isjmpyqt5pj51yekr08wo,Internacional
724zlangqbn2pr3e6rws1c9um,Recife
b9d2xcvxxcwplyp4le9ulnlv9,Palmeiras
1icvp50kgaw8oduqmhyt3iex0,Santos
5p301ikmaba9gesscss3zo745,Sao Paulo
441ion913h05bwxctg48884uh,Goianiense
5h3amvo8ykt01u4h3upw3c5qf,Paranaense
9ri292j4uqvn567soly0xrmrx,Criciuma
5fd9f9bti2cdgb6r1lf8l2bc7,Young Boys
5u18kvqiqhup2vd345dci1069,Basel
btqfm8txcvhi29sddmc9nr68,Lugano
dk531bvjn5bmeonqs9hbbmfgr,Luzern
b9fc1umgats16gk6wr769wh8a,Sion
dty3ktxspuo8ayudnf0egkvx5,St. Gallen
ag3mf21yz4g5ypnqr2j28crqb,Winterthur
3sb3j9l7dbjcalwpirp3u2f9g,Zurich
9dqlf92t42brv71kvaet67tm4,Grasshopper Zurich
ccwv4ymbs3u0q8xaby4hqb0jz,Servette
96jxcq0onij7zd9rwwkal8q1l,Lausanne Sport
dw7wscihb8j6cj5r2maemstci,Stade Lausanne
1zamjwj53fwzcw97cs9awc3hr,Yverdon
6u0uaryouca843tojxzgwulr2,FC Thun
9db4t34qy4owglhvvgwf5l22i,Barnsley
8kreqtde5jdktcib0kg7dknac,Birmingham
f1ni8k09kpdcwmkasi69rl0bz,Blackpool
69t8imcdaqlgfbds2p58596my,Bolton
5pfqedkme2kabtqhkln35pf3l,Bristol Rovers
8mbtyq0has0uu0565fm9t5cdo,Burton
dmz37633qbsvl7gncq5s51yjw,Cambridge
2ezfenuwk3y65p8jdbj55xqt0,Charlton
41pv4kcoqzdkswdzqhll8ellb,Crawley
dv9l02o316cd9hbkxaho2u12f,Exeter
5n5baro467i8s8efkra3nhgux,Huddersfield
2fhm98swvvbztf9cy67juhpas,Leyton Orient
b3vbyitzi3nrw9ehj1eoko219,Lincoln
4hcdmgl41o4blqpbeelu56h7y,Mansfield
761h1nqgu3ogxgvp8ubb71r00,Northampton
5jjqm8h6qm1w4s5f93uubhdrj,Peterborough
egm6z8hhksfg8f6a49jigczxh,Reading
6m5s30n9ej0dqfk1hfyrlkhdw,Rotherham
82kapkjwonlv9j1ui0ytv5sii,Shrewsbury
6xhqd6it53k2s5n7veo817ga4,Stevenage
5adikbrse2tjc3zthxrx8ic2k,Stockport
dmypntcdsl5w8w8pcqs0b8mpj,Wigan
206vnsjv8ho5kpf88y0u2gaic,Wrexham
jv3jh5m5t7qy5t37vwwmnj16,Wycombe
azw1s2jssnjcsj170y9j0feqp,Barnet
5oj03g835apcc9g551do5vm5e,Oldham
bm759tfjxbog9lhge0pbs219p,Blau-Weiss Linz
bonj6qc7po4anunhydmjmi6g5,Salzburg
84gk4ytf9vr8oml51cqyit78w,Austria Wien
39vgp5h6xs9igypqgqq2dobf9,Grazer AK
boxkkgnpn38ywao4kzu7dx58h,LASK
3lcvs7iiylixau81d0lruwsak,Rheindorf Altach
eljjik2vvlpy6d649mgwwivam,SK Rapid
4lauow63npvttmvxgh2koqb0r,Sturm Graz
do3l4dhs0ooog6se728jxc06z,SV Ried
1vli32f09v65mc3vc6yh34z9f,TSV Hartberg
7uh2y9tk3j8dk6zinfu38pygi,WSG Tirol
9pn4d8sj6pmqidrhhlvev437k,Wolfsberger
8fw92w95mzdtzm4vxhsglfopu,Klagenfurt
9ws0f9wf5r8mdigwo0xpzv06v,Austria Lustenau
d6u776z1u68vhap9hp9zjuydw,Argentina U20
9892ealk5ilwe6p6esyxn383z,Australia U20
8j5t166ehedg5j7cule0gvctw,Brazil U20
dji38hagdsdbvpicyptk3ya1h,Chile U20
ezmda6w1an0hf804htq6dbdw0,Colombia U20
6w3o62j2vskty0o5hhfmtg2yl,Cuba U20
c5su71rfho2qdek52ie3w92wp,Egypt U20
5hpwmngudtgits98k5ce2ckjh,France U20
6x786yaxantdgjq0l4a1gc1v,Italy U20
dcwbos9a4ewky1texbtz9sb5d,Japan U20
2csfzqowk5wdjyufr7jam8txd,South Korea U20
9x2gxl6xovekn482lxe6f8tap,Mexico U20
a8lztquljwnour4ls6nniii0u,Morocco U20
as4klflzok9qem1wc0bpxa6yp,New Caledonia U20
tg1nnszuv0zr99ttlya5fy0m,New Zealand U20
24xy1ap3wamomfyyn00rzs79r,Nigeria U20
aaq4dfzfmafbop5976if2z88a,Norway U20
90wmwkbdrgoi8zg5fx3dc6tet,Panama U20
4regxj1097bvl2ktj8nmnb32i,Paraguay U20
aierrdwlhgygpb74jqlk3mgv,Saudi Arabia U20
feancmz08pxur7cxp179ylw0,South Africa U20
239ue2dajds38167m1q320iyi,Spain U20
dm4g3bexmcs96csbeb47l3o5j,Ukraine U20
bo858sll0r8nayyt5smdu3pxs,USA U20
841zp0njrq63yv4fvw6lgf60q,Aberdeen
dvnjvad3p09dugr79gktlrtll,Celtic
g7em7tpuicehjy3wmsbimsee,Dundee
4qdzzur2cuuridyb0jso8mksi,Dundee Utd
1pq8av8ecx28pshgtpkdj36nt,Falkirk
1hcbcuu846pa3iw6qskiws1cu,Hearts
c9ky1957qli8v2lylfga7io8b,Hibernian
enzoyc121va61wtmjf4cm7p3d,Kilmarnock
besu5lkqmra07drq1czpr0tk4,Livingston
759fhii7hsnldanli06j5jmf6,Motherwell
cnnku8uihko7u4th0fms4pvg6,Rangers
muo4d1nfi1vgyvz5n07tjmoo,St. Mirren
87coxipr6ls77tnlba3eselx0,Ross County
ez46dadmx0virt38cgeq2n6pf,St. Johnstone
5mbo4f0vps12dr0fcvjn3wyp5,AIK
9zqn9ugvg64it0lr5z8cq4g9v,BK Hacken
46yo78zak2j7kaxc5ak1fnm60,Degerfors
czkf5t3ai00ghwbga03i5aqxw,Djurgardens
33hzf6j2rd9r50g2n4agsytkd,Gais
6i936isoyj6d0uuxdj537uc97,Halmstads
2nnlsjfbcea40t4jeclcbw9lk,Hammarby
ac8jow4mdkvnsv5s0och4qqm,Brommapojkarna
1939bnru25svvgv15k2c7tw2y,Elfsborg
evf5hhqgnjhwjsth1m6pawxdp,Goteborg
7hlumphk42363z3i2nry2wrzj,Norrkoping
durq4oppf7c08tnbzrlebt0uz,Varnamo
4jg5vd59i24chckyua90dr1lg,Sirius
93ohqui2qgqm8408viwmm1ken,Malmo
spvvjmk37iid7hsky9g3nce7,Mjallby
cfvya7igkhkas7wvsktwz6j8k,Osters
943ue6l8ylnidoygbi9p8op2h,Atlanta United
yrsr1hyy65062qyzw8sug3ys,Austin FC
dqq34048nqex146r77i5l8twq,Charlotte FC
apsqaaege20za4re5wm6bzq9a,Chicago Fire
oisd4xgg4qxt18c7tikdejbe,CF Montreal
cvrl5bces32x6fup1ks1hvets,Colorado Rapids
chjb0xe5vlaaguop3q2nbalni,Columbus Crew
5qw82lpi6fio4fbljihlyyulb,DC United
652hppivbqchvrp3wopx1isyt,FC Cincinatti
4gi4qw4gt6nfq0c6r8y574qgp,FC Dallas
69m5c06m9up1j8vf8ulnb80xu,Houston Dynamo
7a7uyvix8axi28h7d3bwl4tbe,Inter Miami
c6e7kqqrkt389ysrth6yy6puy,Los Angeles FC
6qr5y32dthc4dqycckwmfj1si,Los Angeles Galaxy
dna80a164iz5ta6pp6ivk64rx,Minnesota United
1oogd0fpwledjm2ycsuv7afze,Nashville SC
3ko4vrn7aouqpdr21sv4ipcvj,New England Revolution
1bksy4rix8pm8rjve81uqo8ut,New York City FC
7k329us81r2yiw9pakgo5tp6e,New York Red Bulls
eaqreat4kxwvah0bvwg1wtoq5,Orlando City
aq0m4zmew7kkplbi7fa0pv45c,Philadelphia Union
77o8sorlijzpr0t4s7231zzxp,Portland Timbers
29zyafx618w7tvp34n53pzwwb,Real Salt Lake
74lhmgpfmledj7a1h58wuar6c,San Diego FC
a2jg79bf9ab1vj6iok2r328cc,San Jose Earthquakes
3st9rj62b3qnni6uolw0lwaqn,Seattle Sounders
3olfhpj6emfhceudd95ytb9gy,Sporting Kansas
7rh4h3y77fl3s7rdqp61si49g,St. Louis City
28teusnamw1ujgh5di1auf2f7,Toronto FC
cdmq2tqfwo5td2ztv1s62bqlf,Vancouver Whitecaps
5rurqie3qt1qav9ir5mkqinn,Arsenal Women
8l30dsub3sutr6j3ruvk650xc,Aston Villa Women
dcdnoyf6kzhj46iyfm7xq43fy,Brighton Women
spi3g782q7m4evjxn1sv6cfa,Chelsea Women
7kt37xy93vjy6wac8vq6fqz3g,Everton Women
28u3q82ip96ahymkup01vfxli,Leicester City Women
mjejb0x57ms54j9ry6s8njwh,Liverpool Women
blzubaa449m1wjt46fasgdvse,London City Lionesses
36tr17foeaf9ejjmt2txuoy3y,Man City Women
axwnneoekq2f2yq6r1l704y96,Man Utd Women
9ijyncrxsejz505dbadwr1dir,Tottenham Women
cz26xwowfjp8ei14n9z2ac135,West Ham Women
4s6f6ktui5q36clvqisqr6lvo,Birmingham Women
9m7z1upwp3svfn611ejq7d36v,Bristol City Women
41gc7c8gdujhqd7b6jeiy93o6,Charlton Women
6o6989d7o4w1kn35cu75y1mny,Crystal Palace Women
69zcuxk3ooqd3qoy5qv0el46t,Durham
crlpv1ee9shz8npct9cts66xc,Ipswich Women
dr9t4jv8xuqbhrpao210srtni,Newcastle Women
7ft9s47h5gbc35sbndoswkdwl,Nottingham Forest Women
7qrv10bzmfn7bvyfsoe8hm6i6,Portsmouth Women
7cnwcepvri5mqscf68xf4n3mg,Sheffield Utd Women
d0e0ef84lu9gp5ga02l8h2q96,Southampton Women
2fornxej3uxyo1v7wczz20l1e,Sunderland Women
6hbfgdczbi3yg4sdpqgtu6s,Angel City
eka22bj7co8bw5qxa6qlbinf8,Bay FC
dzxypx8djih58p668surbi4qm,Chicago Stars
bgkfdckqfqnfbmecbtz03n76d,Gotham FC
c3v2ohfuzoqmc8ljm65hi80sj,Houston Dash
agxipc0vk4rtg09amjxv10nx0,Kansas City Current
b4fbmos00gxtk8qnaqsm392p5,North Carolina Courage
966pdxhsoxaib9qt5083h8uus,Orlando Pride
446mp88j1vpk9iwui9fiifrp8,Portland Thorns
dtucewmt49th1p4selfutmnmc,Racing Louisville
esvbnzqbyvxp2k570ez7h1a1g,San Diego Wave
bl53jk6zlfe5f583pil7xzwi5,Seattle Reign
bn7w86uw8j61dga3xr5s0yiju,Utah Royals
f1ks82wpiewyqs6h3oz9v4hzj,Washington Spirit
eslatwjz83segadwsds8fo6j8,Brooklyn FC
44j8qxiegml596jurnwr5ubdg,Carolina Ascent
c1ed7p5qzbt76o130i5x7af4k,DC Power
acwakqod21oacz0gmqlwdfuok,Dallas Trinity
3ahqhxzxpqp5vtx113hmw5990,Fort Lauderdale United
cmw14attlxgvhdqv1s559ki6s,Lexington SC
2gucw45otkxodbj9h1bvvsro4,Spokane Zephyr
dlmu64l83w7q1vxuajxql1jis,Sporting Club Jacksonville
7hafv1xtl8ycb6nnmvu5o87x0,Tampa Bay Sun
aj1bdyuwq8pdwycaa9kba8uni,Al Ahli
7dkxxicrwn77jpdfkwpnlnnyn,Al Ettifaq
aekjg4wbxaixtwu4aicmiju92,Al Fateh
ebcxfnmnxrxvv6lcjsahgd38j,Al Fayha
dgi72jj27o29uizez3ciocdwc,Al Hazem
c9swyor08g9pedxpe3n321svu,Al Hilal
2kzl64gp8x37bon8tyxojqrr1,Al Ittihad
7w4300dn2tnd0eqmbtk531tkx,Al Khaleej
3eha2sarrs9ttx6mnxl92wacq,Al Kholood
6sh4w5q771qh9l4ekri5hm7tl,Al Najma
57jcqe38hakh2hfit2zsogsb,Al Nassr
5y3fer65qp1ysl3atfiq2ftqd,Al Okhdood
90k2kbbkk2cj55yhkivdqn0ym,Al Qadsiah
e8vx5q2foz1r1ytu2mgbfj0m,Al Riyadh
2ry1fixv27p3xepazsxcuyoho,Al Shabab
o1iwuxbv233ayidxpibbxy59,Al Taawoun
4djrvao40r1vgr4psfl5dzc80,Damac
3syp26wx3cg4oraxo38b58e22,Neom
84fpe0iynjdghwysyo5tizdkk,Alanyaspor
9irsyv431fpuqhqtfq9iwxf2u,Antalyaspor
2ez9cvam9lp9jyhng3eh3znb4,Besiktas
bmgtxgipsznlb1j20zwjti3xh,Eyup Spor
c3txoz57mu7w9y1jprvnv2flr,Fatih Karagumruk
8lroq0cbhdxj8124qtxwrhvmm,Fenerbahce
esa748l653sss1wurz5ps3228,Galatasaray
2agzb2h4ppg7lfz9hn7eg1rqo,Gaziantep
embqktr41hfzczc8uav1scmcn,Genclerbirligi
cjbaf8s09qoa1n11r33gc560x,Goztepe
4idg23egrrvtrbgrg7p5x7bwf,Kasimpasa
c8ns6z3u8kxldv1zh1evu10rv,Kayseri
b703zecenioz21dnj3p63v3f7,Kocaelispor
cw4lbdzlqqdvbkdkz00c9ye49,Konyaspor
dpsnqu7pd2b0shfzjyn5j1znf,Samsunspor
2yab38jdfl0gk2tei1mq40o06,Trabzonspor
1lbrlj3uu8wi2h9j79snuoae4,Caykur Rize
47njg6cmlx5q3fvdsupd2n6qu,Istanbul Basaksehir
